Spotify ID,Artist IDs,Track Name,Album Name,Artist Name(s),Release Date,Duration (ms),Popularity,Added By,Added At,Genres,Danceability,Energy,Key,Loudness,Mode,Speechiness,Acousticness,Instrumentalness,Liveness,Valence,Tempo,Time Signature
1oaaSrDJimABpOdCEbw2DJ,"47zz7sob9NUcODy0BTDvKx","No Ordinary Love","Love Deluxe","Sade",1992-10-26,440466,67,spotify:user:,2022-09-16T08:12:46Z,"british soul,sophisti-pop",0.629,0.364,11,-12.259,0,0.038,0.467,0.0204,0.0941,0.701,166.266,4
3rptYWhwQWNWcACrYu4CGg,"4iHNK0tOyZPYnBU7nGAgpQ,05oH07COxkXKIMt6mIPRee","The Roof (When I Feel the Need) (feat. Brandy)","Butterfly: 25th Anniversary Expanded Edition","Mariah Carey,Brandy",2022-09-16,294103,54,spotify:user:,2022-09-16T04:00:00Z,"dance pop,pop,urban contemporary,contemporary r&b,hip hop,hip pop,neo soul,r&b",0.525,0.581,10,-7.691,0,0.032,0.012,0.0000784,0.131,0.5,94.992,4
31YudjfCQCpRYDeDMskWGh,"23zg3TcAtWQy7J6upgbUnj,5V5f4rVZkRnl5O17X1vDM1","Nice & Slow - Ryan James Carr Remake","My Way (25th Anniversary Edition)","Usher,Ryan James Carr",2022-09-16,192064,52,spotify:user:,2022-09-16T04:00:00Z,"atl hip hop,contemporary r&b,dance pop,pop,r&b,south carolina hip hop,urban contemporary,christian lo-fi",0.569,0.573,1,-7.687,1,0.172,0.0114,0,0.107,0.798,132.954,4
1WKz2dJbsK0S56zvpnhFWU,"0urTpYCsixqZwgNTkPJOJ4","If Your Girl Only Knew","One In A Million","Aaliyah",1996-08-27,290960,60,spotify:user:,2022-07-28T15:25:39Z,"contemporary r&b,dance pop,hip pop,neo soul,r&b,urban contemporary",0.841,0.741,9,-3.487,0,0.0359,0.137,0.000445,0.11,0.834,88.408,4
5OQO6NEs89flntUWPtXUiG,"2S8UlyXW4JjjHcbeg8ddIo","Steelo","No Doubt","702",1996-01-01,257959,58,spotify:user:,2021-08-20T04:02:00Z,"contemporary r&b,girl group,hip pop,neo soul,quiet storm,r&b,urban contemporary",0.767,0.731,8,-8.109,0,0.114,0.103,0.00364,0.102,0.678,90.997,4
0UH3m8uxVdQDCtG61CKMXE,"2etWSM1cPeITq5E2bEK8PW","It Had to Be You","Lose Control","Silk",1992,248000,43,spotify:user:,2021-08-20T04:02:00Z,"contemporary r&b,r&b,urban contemporary",0.69,0.654,1,-7.852,0,0.0322,0.00867,0,0.072,0.709,134.607,4
0b0vpt8e3AkV3GG8HoUEJm,"5z2cHsOmmmWcAPNG1oEhw0","Feels So Good","Off The Hook","Xscape",1995-07-01,212040,42,spotify:user:,2021-08-20T04:02:00Z,"atl hip hop,contemporary r&b,girl group,hip hop,hip pop,neo soul,quiet storm,r&b,urban contemporary",0.712,0.454,7,-9.029,1,0.0478,0.0162,0.00000123,0.111,0.659,82.619,4
4S0NYVAQdIb81uLoZoQmgq,"47zz7sob9NUcODy0BTDvKx","Kiss of Life","Love Deluxe","Sade",1992-10-26,350000,57,spotify:user:,2022-09-16T08:12:46Z,"british soul,sophisti-pop",0.734,0.492,6,-11.023,0,0.0306,0.623,0.0741,0.112,0.783,97.146,4
1cjBan0t4eBk2Y5j17hdyf,"1nSRa2YjjFWJLHGKM07oGQ,6Ff53KvcvAj5U7Z1vojB5o","Bring It All to Me (feat. *NSYNC)","Blaque","Blaque,*NSYNC",1999-05-28,218186,58,spotify:user:,2021-08-20T04:02:00Z,"contemporary r&b,dance pop,girl group,hip pop,r&b,urban contemporary,boy band,post-teen pop",0.695,0.579,0,-5.066,1,0.0325,0.000479,0,0.0556,0.726,88.957,4
4MTHIKGWNTBoubzDMkXFfa,"1XkoF8ryArs86LZvFOkbyr,5tth2a3v0sWwV1C7bApBdX","I Can Love You","Share My World","Mary J. Blige,Lil' Kim",1997-01-01,286400,61,spotify:user:,2021-08-20T04:02:00Z,"dance pop,hip pop,neo soul,r&b,urban contemporary,east coast hip hop,gangster rap,hip hop,pop rap,rap,southern hip hop,trap queen",0.635,0.614,7,-7.165,1,0.197,0.0179,0.000201,0.415,0.736,174.213,4
6gdhHMWUv1pvkOHqCUGvCp,"0urTpYCsixqZwgNTkPJOJ4","One In A Million","One In A Million","Aaliyah",1996-08-27,270760,67,spotify:user:,2022-07-28T15:25:39Z,"contemporary r&b,dance pop,hip pop,neo soul,r&b,urban contemporary",0.741,0.508,11,-5.099,0,0.0507,0.0347,0.0000645,0.0602,0.354,121.965,4
6xkryXuiZU360Lngd4sx13,"4iHNK0tOyZPYnBU7nGAgpQ","Fantasy","Daydream","Mariah Carey",1995-10-03,243493,75,spotify:user:,2022-09-16T08:12:46Z,"dance pop,pop,urban contemporary",0.669,0.727,7,-7.588,1,0.0353,0.139,0,0.123,0.807,102.322,4
63PIgPkDf3rswlU4ZWCYAM,"0TImkz4nPqjegtVSMZnMRq","What About Your Friends","Ooooooohhh... On The TLC Tip","TLC",1992-02-25,293600,52,spotify:user:,2021-08-20T04:02:00Z,"atl hip hop,contemporary r&b,dance pop,girl group,hip hop,hip pop,r&b,urban contemporary",0.744,0.851,10,-10.108,0,0.049,0.0267,0.00738,0.0989,0.626,105.882,4
4Wtk0YYWUcx1JYicaq5Jd0,"6lHL3ubAMgSasKjNqKb8HF","It's All About Me","Mya","Mýa",1998-01-01,264933,52,spotify:user:,2021-08-20T04:02:00Z,"contemporary r&b,dance pop,hip pop,neo soul,r&b,urban contemporary",0.812,0.5,2,-6.842,1,0.084,0.209,0,0.174,0.521,137.041,4
67ZorjDM25q7bETfLbHdfS,"2NmK5FyrQ18HOPXq1UBzqa","You're the One","New Beginning","SWV",1996-04-23,282600,55,spotify:user:,2021-08-20T04:02:00Z,"contemporary r&b,girl group,hip hop,hip pop,neo soul,new jack swing,quiet storm,r&b,urban contemporary",0.79,0.608,6,-7.151,1,0.0363,0.522,0.00491,0.193,0.958,94.166,4
1Pqv7l6vxjBxd5fx4bWchC,"1nSRa2YjjFWJLHGKM07oGQ","808","Blaque","Blaque",1999-05-28,306693,49,spotify:user:,2021-08-20T04:02:00Z,"contemporary r&b,dance pop,girl group,hip pop,r&b,urban contemporary",0.867,0.42,1,-9.478,1,0.167,0.00328,0.00000318,0.0887,0.367,121.66,4
2ZmUMKX5cJQfQj12SmGYtg,"08p7B5OtcUuVblvkQIlBhJ","Nobody Else","Tyrese","Tyrese",1998-08-31,232733,43,spotify:user:,2021-08-20T04:02:00Z,"contemporary r&b,hip hop,hip pop,neo soul,quiet storm,r&b,urban contemporary",0.697,0.684,7,-5.634,1,0.0903,0.00922,0.000015,0.135,0.587,91.881,4
0YwUJOHKYxlm5gVfIkl8Ym,"05oH07COxkXKIMt6mIPRee","Best Friend","Brandy","Brandy",1994,288840,56,spotify:user:,2022-09-16T08:12:46Z,"contemporary r&b,dance pop,hip hop,hip pop,neo soul,r&b,urban contemporary",0.696,0.49,6,-6.631,0,0.0347,0.155,0.000351,0.0563,0.557,179.825,4
3SmPl0CGxvvkQCrTv7edEE,"6XpaIBNiVzIetEPCWDvAFP","I'm Your Baby Tonight","I'm Your Baby Tonight","Whitney Houston",1990-11-04,299426,57,spotify:user:,2022-09-16T08:12:46Z,"dance pop,pop,urban contemporary",0.665,0.899,6,-7.75,1,0.0877,0.303,0.00000221,0.445,0.873,165.16,3
1jM5ZCFU2ZE2PyfX4xv6eb,"4iHNK0tOyZPYnBU7nGAgpQ","Honey","Butterfly: 25th Anniversary Expanded Edition","Mariah Carey",2022-09-16,300093,52,spotify:user:,2022-09-16T04:00:00Z,"dance pop,pop,urban contemporary",0.691,0.838,1,-6.619,1,0.104,0.123,0.00000268,0.123,0.687,95.819,4
4PEGwWH4tL6H7dGl4uVSPg,"47zz7sob9NUcODy0BTDvKx","Like a Tattoo","Love Deluxe","Sade",1992-10-26,218000,67,spotify:user:,2022-10-27T04:00:00Z,"british soul,sophisti-pop",0.557,0.16,5,-16.302,0,0.0315,0.922,0.000756,0.0996,0.133,136.01,4
6DJoLa3EsX2PWQAIkjw08F,"2NmK5FyrQ18HOPXq1UBzqa,2wIVse2owClT7go1WT98tk","Can We (feat. Missy Misdemeanor Elliott)","Release Some Tension","SWV,Missy Elliott",1997-07-29,290626,57,spotify:user:,2022-09-16T08:12:46Z,"contemporary r&b,girl group,hip hop,hip pop,neo soul,new jack swing,quiet storm,r&b,urban contemporary,dance pop,pop rap,rap,virginia hip hop",0.775,0.568,8,-8.735,0,0.094,0.133,0.0141,0.0576,0.769,85.452,4
1Oi2zpmL81Q0yScF1zxaC0,"1Y8cdNmUJH7yBTd9yOvr5i","Bills, Bills, Bills","The Writing's On The Wall","Destiny's Child",1999-07-27,256026,71,spotify:user:,2021-08-20T04:02:00Z,"dance pop,girl group,hip pop,pop,r&b,urban contemporary",0.845,0.576,11,-5.15,0,0.153,0.139,0,0.0764,0.461,127.641,4
04VArZKHm1xesMxqnsutDY,"27TmRLInIAVyWyU14KlALf","I'm Dreamin'","New Jack City (Music from the Motion Picture)","Christopher Williams",1991-03-05,303706,51,spotify:user:,2021-08-20T04:02:00Z,"contemporary r&b,funk,neo soul,new jack swing,quiet storm,r&b,urban contemporary",0.787,0.743,6,-9.34,1,0.0581,0.248,0.00000707,0.242,0.692,110.137,4
0TNAK7LNCi7AKDZAbhWQXr,"1UjTUqWfGkof4L5HO5NmzP","Never Too Busy","Kenny Lattimore","Kenny Lattimore",1996-05-14,331560,50,spotify:user:,2021-08-20T04:02:00Z,"contemporary r&b,neo soul,new jack swing,quiet storm,r&b,urban contemporary",0.761,0.413,4,-10.137,0,0.0681,0.113,0.00197,0.09,0.733,167.947,4
18sytW2s53Of6NVudQyUlH,"4MT97VeycuegSicrrphisJ","Breakin' My Heart (Pretty Brown Eyes)","Meant To Be Mint","Mint Condition",1991-01-01,356960,62,spotify:user:,2022-09-16T08:12:46Z,"contemporary r&b,funk,hip pop,minneapolis sound,neo soul,new jack swing,quiet storm,r&b,soul,urban contemporary",0.672,0.52,7,-9.965,0,0.0407,0.0985,0.00000128,0.0365,0.551,137.213,4
0ymLvEYKBKRlJbGwAZhOqg,"3g0RlUGYDE7rdAJSnLkNOv","I Like","Surrender","Kut Klose",1995-02-21,258893,53,spotify:user:,2022-09-16T08:12:46Z,"contemporary r&b,girl group,hip pop,new jack swing,r&b,urban contemporary",0.705,0.439,6,-10.246,1,0.0263,0.378,0.0000175,0.0654,0.65,112.397,4
20VRVHMwAspwLA207PdKOn,"3uklrkyCGBBg5PoFTbEoim","He's Mine","Love Soul","MoKenStef",2000-01-01,253040,59,spotify:user:,2022-08-23T02:58:10Z,"contemporary r&b",0.616,0.535,11,-8.789,1,0.0379,0.0814,0.0924,0.121,0.391,64.979,4
4J9u7UsXH7F6sFI32KnYuP,"6XpaIBNiVzIetEPCWDvAFP,5NDMothbpdpq2xHqSjrrWn,49FeZO3eSrJs7oH7lYLU1r","Heartbreak Hotel (feat. Faith Evans & Kelly Price)","My Love Is Your Love","Whitney Houston,Faith Evans,Kelly Price",1998-11-17,281493,54,spotify:user:,2022-09-16T08:12:46Z,"dance pop,pop,urban contemporary,contemporary r&b,hip hop,hip pop,neo soul,quiet storm,r&b",0.724,0.535,3,-7.616,0,0.0588,0.0477,0,0.0314,0.664,133.816,4
4VSyH8AkIt3kaR5xIPFVVi,"2S8UlyXW4JjjHcbeg8ddIo","Where My Girls At","702","702",1999-01-01,166693,63,spotify:user:,2022-09-16T08:12:46Z,"contemporary r&b,girl group,hip pop,neo soul,quiet storm,r&b,urban contemporary",0.705,0.725,4,-7.435,1,0.0506,0.0352,0.0149,0.194,0.76,92.186,4
5u3rsmRYRSKJpFHXPT4p07,"296LotOmbj7eOX7r9l46fK","Every Little Thing I Do","Candy Rain","Soul For Real",1995,260066,58,spotify:user:,2021-08-20T04:02:00Z,"boy band,contemporary r&b,hip pop,new jack swing,quiet storm,r&b,urban contemporary",0.713,0.378,7,-9.04,0,0.0298,0.00561,0.00186,0.0845,0.291,99.055,4
1vf3GldTchj0ytKoyLgMrZ,"2NmK5FyrQ18HOPXq1UBzqa,1hGJNACUxxr1vMX3HLimGP,5pWTPmoVkCd943CmFbnER9","Anything - Old Skool Radio 7 Version","Anything","SWV,Allen Gordon, Jr. aka "ALLSTAR",Arty Skye",1994-05-10,247440,52,spotify:user:,2021-08-20T04:02:00Z,"contemporary r&b,girl group,hip hop,hip pop,neo soul,new jack swing,quiet storm,r&b,urban contemporary",0.798,0.792,10,-5.667,0,0.0448,0.0103,0.00031,0.309,0.798,94.967,4
3upCmUgdchN3u0vkedbC5S,"7peqq4aACFkBwIWGG0YRJ9","Touch It","Mo'Hogany","Monifah",1998-01-01,285826,56,spotify:user:,2021-08-20T04:02:00Z,"contemporary r&b,hip pop,neo soul,new jack swing,r&b,urban contemporary",0.863,0.476,8,-10.019,0,0.0932,0.0307,0.0515,0.0706,0.783,115.459,4
0Vp56gzB5TWuZ1o3owrHu5,"2IBPIcSkvQZyoaVfoyZKE8","Wanna Get With U","The Future","Guy",1990-11-13,286373,40,spotify:user:,2021-08-20T04:02:00Z,"contemporary r&b,funk,hip hop,hip pop,neo soul,new jack swing,quiet storm,r&b,urban contemporary",0.797,0.722,10,-10.631,0,0.0422,0.012,0.00761,0.0474,0.819,110.095,4
5X82VFLvjpeWQlTSShqqj0,"1XkoF8ryArs86LZvFOkbyr","Be Happy","My Life","Mary J. Blige",1994-01-01,349560,57,spotify:user:,2021-08-20T04:02:00Z,"dance pop,hip pop,neo soul,r&b,urban contemporary",0.682,0.739,10,-8.504,1,0.0763,0.129,0,0.252,0.685,92.894,4
3c6afiysmB7OnxQzzSqRfD,"0le01dl1WllSHhjEXRl4in","So Into You","Tamia","Tamia",1998,261866,66,spotify:user:,2022-09-16T08:12:46Z,"canadian pop,contemporary r&b,dance pop,hip pop,neo soul,quiet storm,r&b,urban contemporary",0.656,0.479,7,-7.055,0,0.0348,0.0665,0.00272,0.168,0.708,184.374,4
4FgJSRvSafjvKDonVzpRnM,"4iHNK0tOyZPYnBU7nGAgpQ","Butterfly","Butterfly: 25th Anniversary Expanded Edition","Mariah Carey",2022-09-16,273925,44,spotify:user:,2022-09-16T04:00:00Z,"dance pop,pop,urban contemporary",0.534,0.53,2,-7.292,1,0.0309,0.605,0,0.0973,0.163,107.889,4
0JHwHqPlca9zCnGnQenAEW,"296LotOmbj7eOX7r9l46fK,4AwNnh5SdnB3VGSZ0GPG4H","Candy Rain - Heavy D & TrakMasterz Mix","Candy Rain (Remixes)","Soul For Real,Heavy D",1994-01-01,261626,54,spotify:user:,2021-08-20T04:02:00Z,"boy band,contemporary r&b,hip pop,new jack swing,quiet storm,r&b,urban contemporary,reggae fusion",0.787,0.585,9,-7.529,1,0.0492,0.0118,0.0000302,0.117,0.751,93.881,4
104gvc1JDyW1PXCW9GCP17,"47zz7sob9NUcODy0BTDvKx","I Couldn't Love You More","Love Deluxe","Sade",1992-10-26,228293,57,spotify:user:,2022-10-27T04:00:00Z,"british soul,sophisti-pop",0.749,0.16,7,-18.744,1,0.0307,0.79,0.227,0.122,0.206,98.148,4
7qdo6JOOaaY9LadOAhfXq7,"7vWlb4pM85jCHvV771qZZW,0b2XeWDPeBiLeskT6RFqMb","Let's Get Down","House Of Music","Tony! Toni! Toné!,DJ Quik",1996-01-01,299506,56,spotify:user:,2021-08-20T04:02:00Z,"contemporary r&b,funk,hip pop,neo soul,new jack swing,quiet storm,r&b,soul,urban contemporary,g funk,gangster rap,hardcore hip hop,hip hop,popping,rap,southern hip hop,west coast rap",0.907,0.645,7,-4.38,1,0.0976,0.043,0,0.18,0.562,103.312,4
0hcW7qPqWWJc8189OaqQvX,"4ryyCNxkhfBSXHx4k2lo3T,3bhckpkRmz8mqONUceSutp","You","Jesse Powell","Jesse Powell,Gerald Albright",1996-01-01,318466,58,spotify:user:,2022-09-16T04:00:00Z,"contemporary r&b,neo soul,new jack swing,quiet storm,r&b,urban contemporary,jazz saxophone,smooth jazz,smooth saxophone",0.722,0.327,0,-9.612,0,0.026,0.299,0.000661,0.0549,0.266,112.249,4
4G1qRhOk1YY0kewtMaCrMC,"2NmK5FyrQ18HOPXq1UBzqa","Rain","Release Some Tension","SWV",1997-07-29,264506,62,spotify:user:,2022-09-16T08:12:46Z,"contemporary r&b,girl group,hip hop,hip pop,neo soul,new jack swing,quiet storm,r&b,urban contemporary",0.643,0.486,4,-10.443,0,0.0278,0.337,0.00000386,0.702,0.146,138.151,3
51QxenFmXlJXUN9mpvxlaL,"601893mmW5hl1FBOykWZHG","Nobody's Supposed to Be Here","One Wish","Deborah Cox",1998-09-17,262333,57,spotify:user:,2022-09-16T08:12:46Z,"canadian pop,contemporary r&b,hip pop,neo soul,quiet storm,r&b,urban contemporary,vocal house",0.662,0.531,8,-5.3,1,0.0361,0.202,0.0000116,0.595,0.399,119.957,4
0mIuIBLkaRvPCz6A0mPqbM,"5z2cHsOmmmWcAPNG1oEhw0","My Little Secret","Traces Of My Lipstick","Xscape",1998-05-01,268040,51,spotify:user:,2021-08-20T04:02:00Z,"atl hip hop,contemporary r&b,girl group,hip hop,hip pop,neo soul,quiet storm,r&b,urban contemporary",0.814,0.431,8,-9.125,1,0.0936,0.371,0,0.335,0.542,129.957,4
1e5DTpM1WeggytDXbphivX,"1urjDGTd4iBze91Z1W1gu7","Kissin' You","Total","Total",1996-01-30,282333,55,spotify:user:,2022-09-16T08:12:46Z,"contemporary r&b,hip hop,hip pop,neo soul,r&b,urban contemporary",0.746,0.493,11,-9.427,0,0.0997,0.302,0.00957,0.109,0.878,82.04,4
6SkGfPa77E4giShVbk9N6R,"5NDMothbpdpq2xHqSjrrWn","Soon as I Get Home","Faith","Faith Evans",1995,324280,57,spotify:user:,2022-09-16T08:12:46Z,"contemporary r&b,hip hop,hip pop,neo soul,quiet storm,r&b,urban contemporary",0.652,0.498,11,-6.2,1,0.0413,0.519,0,0.149,0.336,120.141,4
6N9uyMZf9pbNOuomveWscp,"05oH07COxkXKIMt6mIPRee","I Wanna Be Down","Brandy","Brandy",1994,291666,63,spotify:user:,2022-09-16T08:12:46Z,"contemporary r&b,dance pop,hip hop,hip pop,neo soul,r&b,urban contemporary",0.703,0.469,11,-6.515,0,0.0415,0.177,0,0.726,0.661,86.038,4
6fRLVZ4jKzuqyDPlIdbq9q,"2MGT7CYlixSPxAnnkhLpaA","Butta Love","Rated Next","Next",1997-09-30,296400,54,spotify:user:,2021-08-20T04:02:00Z,"boy band,contemporary r&b,hip hop,hip pop,minneapolis sound,neo soul,new jack swing,quiet storm,r&b,urban contemporary",0.735,0.441,1,-8.412,0,0.0407,0.0972,0,0.0967,0.591,108.015,4
3lRgzwd3g1TewI4zjgbh9V,"6MLDcHrNh4OqxDZAjMt5pt","Sensitivity","Ralph Tresvant","Ralph Tresvant",1990-01-01,281333,53,spotify:user:,2021-08-20T04:02:00Z,"contemporary r&b,new jack swing,quiet storm,r&b,urban contemporary",0.683,0.661,1,-12.823,1,0.0459,0.137,0.557,0.0772,0.707,96.956,4
5A0aUvnfAEcmUx3hoXjI8R,"2NmK5FyrQ18HOPXq1UBzqa","I'm So Into You","It's About Time","SWV",1992-10-27,278333,60,spotify:user:,2021-08-20T04:02:00Z,"contemporary r&b,girl group,hip hop,hip pop,neo soul,new jack swing,quiet storm,r&b,urban contemporary",0.85,0.513,7,-10.663,1,0.0513,0.0624,0.00249,0.0689,0.623,99.01,4
1CAw3ethNuSDPf3E7luSFF,"5aEWnrN8h3MhuFUPRfaVuy,3zTOe1BtyTkwNvYZOxXktX","Faded Pictures","Personal Conversation","Case,Joe",1999-01-01,229773,60,spotify:user:,2021-08-20T04:02:00Z,"contemporary r&b,hip hop,hip pop,neo soul,new jack swing,quiet storm,r&b,urban contemporary,dance pop",0.705,0.511,6,-7.422,0,0.202,0.125,0.00000172,0.153,0.581,82.011,4
6t8JpJtI0PgVRSuMDGWZlH,"7r8RF1tN2A4CiGEplkp1oP","None Of Ur Friends Business","100% Ginuwine","Ginuwine",1999-03-15,365800,49,spotify:user:,2022-09-16T08:12:46Z,"contemporary r&b,dance pop,hip hop,hip pop,neo soul,r&b,urban contemporary",0.83,0.414,9,-11.136,0,0.197,0.243,0,0.627,0.556,99.234,4
4lRrk574qIHpoEEKC1zuam,"0urTpYCsixqZwgNTkPJOJ4","At Your Best (You Are Love)","Age Ain't Nothing But A Number","Aaliyah",1994-05-22,291400,63,spotify:user:,2021-08-20T04:02:00Z,"contemporary r&b,dance pop,hip pop,neo soul,r&b,urban contemporary",0.626,0.441,9,-10.637,0,0.0308,0.761,0.0138,0.0685,0.563,78.094,4
3xRbymJj98leHL7K8Y94WS,"0EVUivUkugMtNF09L4QBMH","She's Playing Hard To Get","Greatest Hits","Hi-Five",1990,276573,49,spotify:user:,2021-08-20T04:02:00Z,"boy band,contemporary r&b,hip pop,neo soul,new jack swing,quiet storm,r&b,urban contemporary",0.525,0.811,1,-6.148,1,0.0602,0.00847,0,0.266,0.751,199.977,4
22QiTJqDn1BIRSh4mkNJ5w,"47zz7sob9NUcODy0BTDvKx","Cherish the Day","Love Deluxe","Sade",1992-10-26,332133,60,spotify:user:,2022-10-27T04:00:00Z,"british soul,sophisti-pop",0.68,0.389,8,-13.239,1,0.0545,0.0121,0.0834,0.105,0.68,80.145,4
40xz60ciGIpsRtDqRfPKBE,"7oHzn7edwmrYClrPRINkbn","Rub You The Right Way","Johnny Gill","Johnny Gill",1990-01-01,332306,48,spotify:user:,2021-08-20T04:02:00Z,"contemporary r&b,funk,neo soul,new jack swing,quiet storm,r&b,urban contemporary",0.66,0.873,10,-6.952,1,0.0461,0.0152,0.00324,0.331,0.864,111.872,4
1KGi9sZVMeszgZOWivFpxs,"0TImkz4nPqjegtVSMZnMRq","No Scrubs","Fanmail","TLC",1999-02-23,214400,79,spotify:user:,2022-09-16T08:12:46Z,"atl hip hop,contemporary r&b,dance pop,girl group,hip hop,hip pop,r&b,urban contemporary",0.743,0.675,8,-4.267,0,0.0953,0.0251,0.000717,0.0685,0.59,92.909,4
3KNH9AoufxNYVdZTWpADsK,"2zFZiWQJFFshzojycnXoTL","B.B.D. (I Thought It Was Me)?","Poison (Expanded Edition)","Bell Biv DeVoe",1990-03-20,275293,38,spotify:user:,2021-08-20T04:02:00Z,"boy band,contemporary r&b,funk,hip hop,hip pop,new jack swing,quiet storm,r&b,urban contemporary",0.745,0.754,7,-9.52,1,0.0423,0.0035,0.0000514,0.0547,0.714,105.569,4
1c4h1CPZBRDrzgLtaKyCTV,"49FeZO3eSrJs7oH7lYLU1r","Friend Of Mine","Soul Of A Woman","Kelly Price",1998-01-01,329293,44,spotify:user:,2022-09-16T08:12:46Z,"contemporary r&b,hip pop,neo soul,quiet storm,r&b,urban contemporary",0.601,0.562,10,-7.067,0,0.0535,0.0947,0,0.105,0.462,119.559,4
6a5jHgwqYMk9wlYJYfs3c9,"5VfqJBmXcf6ZqXoGij5qTE","Can We Talk","The Best of Tevin Campbell","Tevin Campbell",2001,284586,62,spotify:user:,2021-08-20T04:02:00Z,"contemporary r&b,hip pop,neo soul,new jack swing,quiet storm,r&b,urban contemporary",0.658,0.711,2,-7.424,0,0.0425,0.0759,0.0000177,0.0446,0.614,172.365,4
4xrBjUq18fvXK68DJEi5XM,"5aEWnrN8h3MhuFUPRfaVuy,1wvlC6NwleHt1iRD6d5X2C,1XkoF8ryArs86LZvFOkbyr","Touch Me Tease Me","Case","Case,Foxy Brown,Mary J. Blige",1996-01-01,227493,55,spotify:user:,2021-08-20T04:02:00Z,"contemporary r&b,hip hop,hip pop,neo soul,new jack swing,quiet storm,r&b,urban contemporary,east coast hip hop,pop rap,rap,dance pop",0.653,0.746,10,-8.254,0,0.0595,0.28,0.00000549,0.0944,0.492,87.611,4
2zbjlcLi1VQWqDNYdhyx1l,"7r8RF1tN2A4CiGEplkp1oP","So Anxious","100% Ginuwine","Ginuwine",1999-03-15,276066,67,spotify:user:,2022-09-16T08:12:46Z,"contemporary r&b,dance pop,hip hop,hip pop,neo soul,r&b,urban contemporary",0.733,0.395,6,-11.959,0,0.0366,0.279,0.00000237,0.468,0.661,96.085,4
5PG3h38oiQLEJlOuOvIs80,"2Xu7q46Hf02xOoEIm4E1Qs,3zTOe1BtyTkwNvYZOxXktX","Still Not a Player (feat. Joe)","Greatest Hits","Big Pun,Joe",2008-10-14,236906,61,spotify:user:,2021-08-20T04:02:00Z,"bronx hip hop,east coast hip hop,gangster rap,hardcore hip hop,hip hop,hip pop,rap,southern hip hop,contemporary r&b,dance pop,neo soul,r&b,urban contemporary",0.902,0.614,4,-6.529,0,0.289,0.184,0.000742,0.0867,0.862,94.069,4
6I1UXqglOINThfiQuSMfls,"3SRJWVa6lZnqRHOyAHmDrX","Are U Still Down?","COOL RELAX","Jon B.",1997-04-21,266600,56,spotify:user:,2022-09-16T08:12:46Z,"contemporary r&b,hip hop,hip pop,neo soul,quiet storm,r&b,urban contemporary",0.723,0.534,4,-8.621,0,0.0571,0.0143,0.0000188,0.185,0.415,91.072,4
6sHsXIJoEN5JpdkGMQDJxt,"05oH07COxkXKIMt6mIPRee,6nzxy2wXs6tLgzEtqOkEi2","The Boy Is Mine","Never Say Never","Brandy,Monica",1998-05-29,294786,71,spotify:user:,2022-09-16T08:12:46Z,"contemporary r&b,dance pop,hip hop,hip pop,neo soul,r&b,urban contemporary,pop r&b",0.704,0.707,1,-6.537,0,0.0391,0.539,0.00106,0.318,0.761,93.145,4
36tOpYpo1omPwIab8ebEkW,"62sPt3fswraiEPnKQpAbdE","Humpin' Around","Bobby","Bobby Brown",1992-08-24,378493,49,spotify:user:,2021-08-20T04:02:00Z,"contemporary r&b,funk,hip hop,new jack swing,quiet storm,r&b,urban contemporary",0.71,0.8,1,-7.141,1,0.04,0.00223,0.211,0.0455,0.61,110.211,4
5xE7sFTlv2yrG9mmhDSpdq,"1eNkUXHPaXyuyC8NAgzykK","Come and Talk to Me - Remix","R&B Hits","Jodeci",2005-10-04,295386,57,spotify:user:,2021-08-20T04:02:00Z,"contemporary r&b,hip hop,hip pop,neo soul,new jack swing,quiet storm,r&b,urban contemporary",0.72,0.657,11,-6.823,0,0.295,0.0262,0.00000233,0.209,0.657,172.168,4
7861kBrZ5aw7o4NfggcyYW,"6XpaIBNiVzIetEPCWDvAFP","It's Not Right But It's Okay","My Love Is Your Love","Whitney Houston",1998-11-17,292400,63,spotify:user:,2022-09-16T08:12:46Z,"dance pop,pop,urban contemporary",0.805,0.802,1,-7.076,1,0.1,0.162,0.000883,0.0698,0.531,127.924,4
0coGyBNQcxxqkOOT2UhT4v,"1urjDGTd4iBze91Z1W1gu7,5me0Irg2ANcsgc93uaYrpb","Can't You See","BAD BOY CELEBRATES DIDDY: The Executive","Total,The Notorious B.I.G.",2022-06-24,281880,60,spotify:user:,2022-09-16T08:12:46Z,"contemporary r&b,hip hop,hip pop,neo soul,r&b,urban contemporary,east coast hip hop,gangster rap,hardcore hip hop,rap",0.744,0.574,8,-9.445,0,0.0655,0.165,0.0000124,0.295,0.805,86.278,4
2zwmugV2IbUwKq5JgOWEpv,"1XkoF8ryArs86LZvFOkbyr","Mary Jane (All Night Long)","My Life","Mary J. Blige",1994-01-01,279240,61,spotify:user:,2022-09-16T08:12:46Z,"dance pop,hip pop,neo soul,r&b,urban contemporary",0.784,0.298,5,-9.56,0,0.0542,0.125,0.0000319,0.0678,0.846,87.172,4
2VjXGuPVVxyhMgER3Uz2Fe,"2Mu5NfyYm8n5iTomuKAEHl","Ex-Factor","The Miseducation of Lauryn Hill","Ms. Lauryn Hill",1998-08-25,326533,70,spotify:user:,2022-09-16T08:12:46Z,"alternative r&b,conscious hip hop,neo soul,new jersey rap,r&b,urban contemporary",0.593,0.619,3,-9.003,0,0.0976,0.118,0,0.484,0.668,80.02,4
12soRJf1RZRsCd0QUnJUYL,"2IBPIcSkvQZyoaVfoyZKE8","Let's Chill","The Future","Guy",1990-11-13,323826,55,spotify:user:,2022-09-16T08:12:46Z,"contemporary r&b,funk,hip hop,hip pop,neo soul,new jack swing,quiet storm,r&b,urban contemporary",0.604,0.417,10,-12.598,0,0.0385,0.0681,0,0.0425,0.558,74.57,4
0BTGqPIW9acmhhUmENkq5r,"6dQgkiJm1fRkcqKOvPzysr","If You Love Me","From The Bottom Up","Brownstone",1993-06-01,304160,61,spotify:user:,2021-08-20T04:02:00Z,"contemporary r&b,girl group,hip pop,neo soul,quiet storm,r&b,urban contemporary",0.687,0.583,7,-10.224,1,0.0639,0.225,0,0.105,0.211,95.138,4
7jg3Irt0hqnss3HvaPP2D2,"7urq0VfqxEYEEiZUkebXT4,5me0Irg2ANcsgc93uaYrpb","Only You (feat. The Notorious B.I.G.) - Radio Mix","112","112,The Notorious B.I.G.",1996-08-27,260426,56,spotify:user:,2021-08-20T04:02:00Z,"atl hip hop,boy band,contemporary r&b,dance pop,gangster rap,hip pop,pop rap,r&b,southern hip hop,urban contemporary,east coast hip hop,hardcore hip hop,hip hop,rap",0.778,0.644,8,-7.6,1,0.0532,0.145,0,0.112,0.846,96.025,4
6m59VvDUi0UQsB2eZ9wVbH,"2zFZiWQJFFshzojycnXoTL","Poison","Poison","Bell Biv DeVoe",1990-01-01,261853,69,spotify:user:,2021-08-20T04:02:00Z,"boy band,contemporary r&b,funk,hip hop,hip pop,new jack swing,quiet storm,r&b,urban contemporary",0.84,0.56,6,-10.53,0,0.21,0.00195,0.00417,0.633,0.775,111.815,4
